City_ID,City,Country,Lat,Lng,Max Temp,Humidity,Cloudiness,Wind Speed,Current Description
0,Khatanga,RU,71.9667,102.5,42.42,76,100,5.21,overcast clouds
1,Kutum,SD,14.2,24.6667,77.07,54,88,1.54,overcast clouds
2,New Norfolk,AU,-42.7826,147.0587,46.92,77,100,2.48,overcast clouds
3,Kapaa,US,22.0752,-159.319,82.09,76,75,14.97,broken clouds
4,Arraial Do Cabo,BR,-22.9661,-42.0278,67.96,73,75,11.5,broken clouds
5,Yellowknife,CA,62.456,-114.3525,66.72,72,100,15.01,overcast clouds
6,Rikitea,PF,-23.1203,-134.9692,71.67,66,90,21.34,light rain
7,Washougal,US,45.5826,-122.3534,84.15,50,3,5.01,clear sky
8,Ixtapa,MX,20.7,-105.2,86.54,77,100,5.44,overcast clouds
9,Padang,ID,-0.9492,100.3543,77.18,81,100,2.35,moderate rain
10,Yar-Sale,RU,66.8333,70.8333,44.1,95,100,14.67,light rain
11,Axim,GH,4.8699,-2.2405,75.15,91,5,6.08,clear sky
12,Atuona,PF,-9.8,-139.0333,77.34,63,49,18.41,scattered clouds
13,San Patricio,US,28.017,-97.5169,77.85,89,100,8.7,overcast clouds
14,Jamestown,US,42.097,-79.2353,74.84,80,40,1.01,scattered clouds
15,Hobart,AU,-42.8794,147.3294,47.26,89,100,6.91,overcast clouds
16,Puerto Ayora,EC,-0.7393,-90.3518,76.96,87,94,7.0,overcast clouds
17,Hithadhoo,MV,-0.6,73.0833,81.61,70,100,19.01,overcast clouds
18,Mataura,NZ,-46.1927,168.8643,41.49,92,100,8.25,overcast clouds
19,Uthal,PK,25.8072,66.6219,79.86,84,41,7.27,scattered clouds
20,Butaritari,KI,3.0707,172.7902,82.04,76,3,16.46,clear sky
21,Punta Arenas,CL,-53.15,-70.9167,39.31,93,100,12.66,moderate rain
22,Hualmay,PE,-11.0964,-77.6139,65.7,69,17,7.18,few clouds
23,Bluff,NZ,-46.6,168.3333,41.81,70,79,22.24,broken clouds
24,Lithgow,AU,-33.4833,150.15,32.49,96,3,1.72,clear sky
25,Kavaratti,IN,10.5669,72.642,80.76,82,33,24.05,moderate rain
26,Charleston,US,32.7766,-79.9309,89.33,73,40,10.36,scattered clouds
27,Vila,PT,42.0304,-8.1588,56.28,90,87,5.68,overcast clouds
28,Kaitangata,NZ,-46.2817,169.8464,36.5,85,81,15.3,broken clouds
29,Hami,CN,42.8,93.45,74.41,18,0,5.44,clear sky
30,Erzin,TR,36.9559,36.2,75.49,76,0,0.87,clear sky
31,Hilo,US,19.7297,-155.09,84.27,81,21,4.0,few clouds
32,Cabo San Lucas,MX,22.8909,-109.9124,94.6,73,100,6.31,overcast clouds
33,Leshukonskoye,RU,64.8989,45.7622,42.62,89,93,7.99,overcast clouds
34,Thompson,CA,55.7435,-97.8558,78.96,47,40,10.36,scattered clouds
35,Dunedin,NZ,-45.8742,170.5036,39.79,74,94,8.99,overcast clouds
36,Okha,RU,53.5739,142.9478,56.88,93,82,5.61,broken clouds
37,Lebu,CL,-37.6167,-73.65,54.25,73,21,14.88,few clouds
38,Qaanaaq,GL,77.484,-69.3632,38.8,98,100,7.52,overcast clouds
39,Port Hedland,AU,-20.3167,118.5667,62.65,94,0,4.61,clear sky
40,Mehamn,NO,71.0357,27.8492,48.11,81,96,21.59,overcast clouds
41,Chifeng,CN,42.2683,118.9636,53.73,39,0,15.77,clear sky
42,Mizan Teferi,ET,6.9833,35.5833,60.17,97,74,1.52,broken clouds
43,Vaini,TO,-21.2,-175.2,68.16,83,20,4.61,few clouds
44,Barnala,IN,30.3833,75.55,79.65,65,0,7.27,clear sky
45,East London,ZA,-33.0153,27.9116,67.93,64,0,5.55,clear sky
46,Asau,RO,46.4333,26.4,56.32,81,100,0.89,light rain
47,Coolum Beach,AU,-26.5333,153.1,55.11,78,34,11.59,scattered clouds
48,Nikolskoye,RU,59.7035,30.7861,48.78,92,98,5.19,overcast clouds
49,San Juan,AR,-31.5375,-68.5364,75.22,11,0,4.9,clear sky
50,Ushuaia,AR,-54.8,-68.3,42.46,52,75,10.36,broken clouds
51,Medicine Hat,CA,50.0501,-110.6683,85.84,26,100,11.5,smoke
52,Fortuna,US,40.5982,-124.1573,74.93,70,22,5.99,few clouds
53,Bourail,NC,-21.5667,165.4833,70.83,96,100,8.99,light rain
54,Sept-Iles,CA,50.2001,-66.3821,64.92,54,75,11.5,broken clouds
55,Luderitz,NA,-26.6481,15.1594,57.02,73,0,0.87,clear sky
56,Pappadatai,GR,39.3133,20.7925,75.83,68,15,0.54,few clouds
57,Shamary,RU,57.3434,58.2199,40.66,79,100,3.76,overcast clouds
58,Kaeo,NZ,-35.1,173.7833,58.32,96,100,15.84,light rain
59,Busselton,AU,-33.65,115.3333,55.65,84,43,10.96,scattered clouds
60,Tuatapere,NZ,-46.1333,167.6833,38.19,81,100,15.84,overcast clouds
61,Port Alfred,ZA,-33.5906,26.891,61.18,70,5,1.01,clear sky
62,Hasaki,JP,35.7333,140.8333,73.8,89,100,9.26,overcast clouds
63,Juruti,BR,-2.1522,-56.0922,95.32,34,62,5.86,broken clouds
64,Kruisfontein,ZA,-34.0033,24.7314,57.16,54,0,9.13,clear sky
65,Cape Town,ZA,-33.9258,18.4232,56.37,70,40,16.11,moderate rain
66,Clyde River,CA,70.4692,-68.5914,41.23,93,100,12.66,light rain
67,Mount Isa,AU,-20.7333,139.5,46.17,81,0,0.0,clear sky
68,Am Timan,TD,11.0297,20.2827,72.05,91,100,3.15,overcast clouds
69,Faanui,PF,-16.4833,-151.75,78.6,72,99,18.9,overcast clouds
70,Black River,JM,18.0264,-77.8487,85.41,66,76,5.39,moderate rain
71,Angoram,PG,-4.0625,144.0661,72.36,99,77,1.97,broken clouds
72,Makakilo City,US,21.3469,-158.0858,83.01,74,100,12.66,overcast clouds
73,Tasiilaq,GL,65.6145,-37.6368,39.61,94,100,4.74,overcast clouds
74,Camargo,MX,27.6667,-105.1667,78.87,51,100,7.87,overcast clouds
75,Tarko-Sale,RU,64.9225,77.785,44.42,87,100,15.64,overcast clouds
76,Koroni,GR,36.8,21.95,81.07,71,0,7.65,clear sky
77,Souillac,MU,-20.5167,57.5167,70.18,73,75,9.22,broken clouds
78,Sao Filipe,CV,14.8961,-24.4956,80.46,82,88,5.75,light rain
79,Carnarvon,AU,-24.8667,113.6333,64.83,63,8,10.98,clear sky
80,Masvingo,ZW,-20.0637,30.8277,62.53,33,0,5.39,clear sky
81,Lavrentiya,RU,65.5833,-171.0,38.77,75,100,9.95,overcast clouds
82,Severo-Kurilsk,RU,50.6789,156.125,53.62,94,77,8.19,broken clouds
83,Cherskiy,RU,68.75,161.3,36.36,83,99,7.63,overcast clouds
84,Ternate,ID,0.8,127.4,79.09,81,100,4.25,overcast clouds
85,Kaniama,CD,-7.5667,24.1833,72.03,72,23,0.92,few clouds
86,Aksha,RU,50.2814,113.2867,37.94,96,100,13.51,overcast clouds
87,Sabang,ID,5.8933,95.3214,81.64,71,99,17.07,overcast clouds
88,Bonthe,SL,7.5264,-12.505,77.43,85,29,5.44,scattered clouds
89,Pevek,RU,69.7008,170.3133,34.12,99,100,3.87,overcast clouds
90,Bilma,NE,18.6853,12.9164,97.07,16,62,4.14,broken clouds
91,Bentiu,SS,9.2333,29.8333,71.94,93,100,1.81,overcast clouds
92,Thomastown,IE,52.5267,-7.1372,63.43,85,100,13.76,light rain
93,Torbay,CA,47.6666,-52.7314,69.17,83,75,8.05,broken clouds
94,Alyangula,AU,-13.8483,136.4192,57.07,94,40,2.3,fog
95,Keti Bandar,PK,24.1447,67.4497,81.43,77,98,21.56,overcast clouds
96,Ponta Delgada,PT,37.7333,-25.6667,74.12,68,20,10.36,few clouds
97,Antofagasta,CL,-23.65,-70.4,58.28,65,14,6.89,few clouds
98,Iqaluit,CA,63.7506,-68.5145,42.53,70,100,20.71,overcast clouds
99,Hermanus,ZA,-34.4187,19.2345,51.8,77,90,26.96,light rain
100,Ponta Do Sol,PT,32.6667,-17.1,76.01,76,51,4.56,broken clouds
101,Ugoofaaru,MV,5.6667,73.0,79.45,85,100,24.87,heavy intensity rain
102,Maniitsoq,GL,65.4167,-52.9,45.66,89,99,12.5,overcast clouds
103,Obera,AR,-27.4871,-55.1199,62.49,44,72,4.09,broken clouds
104,Pisco,PE,-13.7,-76.2167,63.01,82,75,11.5,mist
105,Margate,GB,51.3813,1.3862,68.31,75,91,3.0,overcast clouds
106,Zyryanka,RU,65.75,150.85,34.38,75,92,6.78,overcast clouds
107,Saldanha,ZA,-33.0117,17.9442,53.65,76,8,23.47,light rain
108,Trairi,BR,-3.2778,-39.2689,80.42,75,79,16.8,broken clouds
109,Dickinson,US,29.4608,-95.0513,83.16,82,100,7.43,overcast clouds
110,Albany,US,42.6001,-73.9662,83.39,75,100,2.35,overcast clouds
111,Igarka,RU,67.4667,86.5833,42.91,98,100,5.57,overcast clouds
112,Skibbereen,IE,51.55,-9.2667,60.12,88,100,17.29,light rain
113,Te Anau,NZ,-45.4167,167.7167,32.36,95,78,0.45,broken clouds
114,Huilong,CN,31.8111,121.655,76.93,96,100,21.27,overcast clouds
115,Svencioneliai,LT,55.1667,26.0,46.4,88,99,5.48,overcast clouds
116,Tuktoyaktuk,CA,69.4541,-133.0374,51.8,100,100,12.66,light rain
117,Rudnya,RU,54.947,31.0934,45.81,63,100,5.75,overcast clouds
118,Rawson,AR,-43.3002,-65.1023,66.54,34,57,6.24,broken clouds
119,Boende,CD,-0.2167,20.8667,71.46,93,81,2.77,light rain
120,Namibe,AO,-15.1961,12.1522,62.4,90,45,8.37,scattered clouds
121,Saint-Pierre,RE,-21.3393,55.4781,71.28,75,0,14.97,clear sky
122,Ocampo,MX,21.65,-101.5,71.58,49,20,19.01,few clouds
123,Barrow,US,71.2906,-156.7887,37.26,73,98,17.65,overcast clouds
124,Cidreira,BR,-30.1811,-50.2056,59.76,65,0,8.1,clear sky
125,Amapa,BR,1.0,-52.0,77.16,75,84,3.04,moderate rain
126,Blenheim,NZ,-41.516,173.9528,42.53,91,100,6.11,overcast clouds
127,Maicao,CO,11.3832,-72.2432,88.34,63,100,10.31,overcast clouds
128,Songjianghe,CN,42.1859,127.479,50.52,98,100,4.41,overcast clouds
129,Eyl,SO,7.9803,49.8164,76.71,81,11,25.81,few clouds
130,Hope,US,33.6671,-93.5916,89.98,38,0,2.39,clear sky
131,Georgetown,MY,5.4112,100.3354,80.89,90,20,2.3,light rain
132,Isangel,VU,-19.55,169.2667,76.84,90,100,9.15,light rain
133,Saint George,US,37.1041,-113.5841,102.25,23,0,5.01,clear sky
134,Adrar,MR,20.5022,-10.0711,99.37,22,22,9.82,few clouds
135,Oranjestad,AW,12.524,-70.027,89.55,66,20,6.91,few clouds
136,Noumea,NC,-22.2763,166.4572,75.99,99,100,17.9,light rain
137,Leningradskiy,RU,69.3833,178.4167,35.11,87,100,3.6,overcast clouds
138,Boulder City,US,35.9786,-114.8325,104.94,17,0,6.91,clear sky
139,Ghanzi,BW,-21.5667,21.7833,67.21,21,0,4.76,clear sky
140,Baruun-Urt,MN,46.6806,113.2792,35.38,77,48,17.07,scattered clouds
141,Bredasdorp,ZA,-34.5322,20.0403,50.65,77,36,18.84,light rain
142,Adre,TD,13.4667,22.2,73.15,80,65,5.55,broken clouds
143,Camocim,BR,-2.9022,-40.8411,84.63,64,16,21.63,few clouds
144,Rio Tuba,PH,8.5061,117.4317,80.46,84,100,11.88,overcast clouds
145,Oistins,BB,13.0667,-59.5333,86.09,74,40,13.8,scattered clouds
146,Machiques,VE,10.0644,-72.545,87.67,68,100,2.71,overcast clouds
147,Kushalgarh,IN,23.199,74.4507,76.06,91,79,6.4,broken clouds
148,Aklavik,CA,68.2191,-135.0107,50.0,81,100,6.91,overcast clouds
149,Manta,EC,-0.95,-80.7333,85.78,54,0,11.5,clear sky
150,Kurumkan,RU,54.3,110.3,41.16,89,99,3.15,overcast clouds
151,Touros,BR,-5.1989,-35.4608,76.87,84,24,12.97,few clouds
152,Iki-Burul,RU,45.8208,44.6472,67.48,47,36,12.62,scattered clouds
153,Peleduy,RU,59.6289,112.7406,34.41,98,21,2.3,few clouds
154,Chokurdakh,RU,70.6333,147.9167,35.67,97,100,14.29,overcast clouds
155,Sao Jose Da Coroa Grande,BR,-8.8978,-35.1478,75.43,82,91,11.36,overcast clouds
156,Bambous Virieux,MU,-20.3428,57.7575,70.21,73,75,9.22,broken clouds
157,Srednekolymsk,RU,67.45,153.6833,35.58,83,89,9.89,overcast clouds
158,Khambhaliya,IN,22.2072,69.6683,81.3,73,100,14.76,overcast clouds
159,Rockhampton,AU,-23.3833,150.5,57.09,94,71,6.91,broken clouds
160,Atar,MR,20.5169,-13.0499,100.06,25,58,8.7,broken clouds
161,Ullapool,GB,57.8987,-5.1604,63.36,95,36,6.6,scattered clouds
162,Guerrero Negro,MX,27.9769,-114.0611,86.32,62,100,10.4,overcast clouds
163,Santa Isabel Do Rio Negro,BR,-0.4139,-65.0192,83.05,69,57,6.67,broken clouds
164,Caravelas,BR,-17.7125,-39.2481,74.23,72,5,6.98,clear sky
165,Iralaya,HN,15.0,-83.2333,83.88,73,100,7.92,overcast clouds
166,Hamilton,US,39.1834,-84.5333,83.52,80,100,6.91,overcast clouds
167,Avarua,CK,-21.2078,-159.775,75.25,73,20,8.05,few clouds
168,Mayo,US,38.8876,-76.5119,91.36,63,31,4.0,scattered clouds
169,Tura,IN,25.5198,90.2201,73.47,97,99,4.0,overcast clouds
170,Talnakh,RU,69.4865,88.3972,43.21,95,100,4.88,light rain
171,Ormara,PK,25.2088,64.6357,79.99,82,62,16.6,broken clouds
172,Fare,PF,-16.7,-151.0167,78.69,70,4,16.91,clear sky
173,Longyearbyen,SJ,78.2186,15.6401,40.84,87,75,9.22,light intensity drizzle rain
174,Urumqi,CN,43.801,87.6005,70.75,27,0,8.95,clear sky
175,Gornopravdinsk,RU,60.05,69.9,44.31,75,11,10.09,few clouds
176,Norman Wells,CA,65.282,-126.8329,59.04,72,75,5.75,broken clouds
177,Altamont,US,42.2068,-121.7372,85.78,25,8,3.0,clear sky
178,Shinuhayr,AM,39.4367,46.3179,66.67,29,9,2.04,clear sky
179,Parker,US,32.7668,-97.8003,96.58,42,0,1.99,clear sky
180,Casper,US,42.8666,-106.3131,97.72,14,0,8.99,clear sky
181,Kulu,TR,39.0951,33.0799,72.59,40,0,9.78,clear sky
182,Mahebourg,MU,-20.4081,57.7,70.25,73,75,9.22,broken clouds
183,Avera,US,33.194,-82.5271,81.91,59,76,8.28,broken clouds
184,Carbonia,IT,39.1672,8.5222,82.0,42,5,5.48,clear sky
185,Port Moresby,PG,-9.4431,147.1797,76.42,94,40,3.44,scattered clouds
186,Zhezkazgan,KZ,47.8043,67.7144,78.15,36,1,8.57,clear sky
187,Krasnoarmeysk,RU,51.0239,45.6969,47.98,87,100,14.27,overcast clouds
188,Nouakchott,MR,18.0858,-15.9785,89.53,71,28,7.58,scattered clouds
189,Alice Springs,AU,-23.7,133.8833,36.95,93,22,4.61,few clouds
190,Safford,US,32.834,-109.7076,89.11,26,0,8.28,clear sky
191,Nouadhibou,MR,20.931,-17.0347,84.18,61,18,13.8,few clouds
192,Dikson,RU,73.5069,80.5464,40.93,79,100,10.58,overcast clouds
193,Lorengau,PG,-2.0226,147.2712,81.45,70,12,10.54,few clouds
194,Ilulissat,GL,69.2167,-51.1,46.04,80,100,7.49,overcast clouds
195,Aginskoye,RU,51.1,114.53,45.21,96,100,9.71,heavy intensity rain
196,Presidencia Roque Saenz Pena,AR,-26.7852,-60.4388,74.14,12,3,7.76,clear sky
197,Altoona,US,40.5187,-78.3947,86.83,67,100,1.32,overcast clouds
198,Nago,JP,26.5881,127.9761,79.23,89,100,28.97,moderate rain
199,Chilliwack,CA,49.1747,-121.9443,71.78,71,100,3.44,overcast clouds
200,Bata,GQ,1.8639,9.7658,76.42,86,14,9.95,few clouds
201,Yeppoon,AU,-23.1333,150.7333,56.98,83,27,13.44,scattered clouds
202,Hirara,JP,24.8,125.2833,82.27,89,100,39.71,moderate rain
203,Bud,US,39.447,-86.1758,83.05,76,95,5.64,overcast clouds
204,Vila Franca Do Campo,PT,37.7167,-25.4333,73.81,74,2,7.78,clear sky
205,Beringovskiy,RU,63.05,179.3167,50.85,90,100,8.23,overcast clouds
206,Kodiak,US,57.79,-152.4072,52.68,84,99,1.43,overcast clouds
207,Payakumbuh,ID,-0.2202,100.6308,70.16,89,100,3.02,overcast clouds
208,Bafq,IR,31.6128,55.4107,81.45,10,0,0.94,clear sky
209,Seddon,AU,-37.8068,144.8916,48.38,85,75,0.0,broken clouds
210,Port Macquarie,AU,-31.4333,152.9167,47.89,77,99,11.1,overcast clouds
211,Hofn,IS,64.2539,-15.2082,49.87,80,0,9.73,clear sky
212,Knysna,ZA,-34.0363,23.0471,56.75,81,88,9.31,overcast clouds
213,Portland,US,45.5234,-122.6762,83.61,51,6,5.01,clear sky
214,Chuy,UY,-33.6971,-53.4616,60.93,59,0,2.53,clear sky
215,Guilin,CN,25.2819,110.2864,68.11,65,68,3.62,broken clouds
216,Acapulco,MX,16.8634,-99.8901,78.78,89,100,18.3,overcast clouds
217,Codrington,AU,-38.2667,141.9667,47.48,81,61,10.36,broken clouds
218,Koumac,NC,-20.5667,164.2833,72.55,95,100,11.01,overcast clouds
219,Salinas,US,36.6777,-121.6555,106.02,22,0,6.64,clear sky
220,Esil,KZ,51.9556,66.4042,61.56,32,92,7.16,overcast clouds
221,Wenzhou,CN,27.9994,120.6668,79.43,73,100,13.67,moderate rain
222,Neepawa,CA,50.2289,-99.4664,79.2,20,0,14.85,clear sky
223,Nome,US,64.5011,-165.4064,51.17,84,94,4.21,overcast clouds
224,Dingle,PH,10.9995,122.6711,76.15,91,100,3.53,overcast clouds
225,Marienburg,PL,54.0359,19.0266,50.58,68,75,7.72,broken clouds
226,Tiksi,RU,71.6872,128.8694,38.12,75,44,22.06,scattered clouds
227,Mazatlan,MX,23.2167,-106.4167,92.01,83,100,1.99,overcast clouds
228,Zalantun,CN,48.0,122.7167,57.83,98,100,4.83,overcast clouds
229,Rapid City,US,44.0805,-103.231,103.26,25,0,15.01,clear sky
230,San Cristobal,VE,7.7669,-72.225,82.6,43,86,7.96,overcast clouds
231,Mar Del Plata,AR,-38.0023,-57.5575,64.94,37,2,10.0,clear sky
232,Rio Gallegos,AR,-51.6226,-69.2181,48.72,66,100,16.78,overcast clouds
233,Tomaszow Lubelski,PL,50.4477,23.4162,51.78,81,24,4.09,few clouds
234,Haines Junction,CA,60.7522,-137.5108,56.19,48,17,3.44,few clouds
235,Gisborne,NZ,-38.6533,178.0042,48.74,68,100,5.61,overcast clouds
236,Saskylakh,RU,71.9167,114.0833,38.14,80,69,9.17,broken clouds
237,Puerto Escondido,MX,15.85,-97.0667,80.74,75,100,9.55,overcast clouds
238,Kokstad,ZA,-30.5472,29.4241,64.15,27,100,5.79,overcast clouds
239,Durham,US,36.0335,-78.8664,93.24,57,91,5.01,overcast clouds
240,Warwick,US,41.7001,-71.4162,85.3,68,100,1.01,overcast clouds
241,Fairbanks,US,64.8378,-147.7164,55.6,87,100,12.66,overcast clouds
242,Saint Anthony,US,45.0205,-93.218,77.25,53,20,9.22,few clouds
243,Vabalninkas,LT,55.9667,24.75,45.82,86,60,7.16,broken clouds
244,Flinders,AU,-34.5833,150.8552,48.06,85,44,10.54,scattered clouds
245,Hambantota,LK,6.1241,81.1185,78.4,85,94,13.89,overcast clouds
246,Tukrah,LY,32.5341,20.5791,79.88,71,0,13.18,clear sky
247,Elati,GR,39.9801,21.8219,71.51,83,51,5.64,broken clouds
248,Fort Oglethorpe,US,34.949,-85.2569,75.2,97,99,8.41,overcast clouds
249,Santa Maria,BR,-29.6842,-53.8069,59.63,64,0,9.64,clear sky
250,Kedrovyy,RU,56.1667,91.8167,55.87,91,92,9.19,overcast clouds
251,Novocheremshansk,RU,54.3571,50.1666,46.8,94,100,3.44,overcast clouds
252,Balrampur,IN,27.4333,82.1833,81.25,69,75,0.76,broken clouds
253,Ambilobe,MG,-13.2,49.05,70.99,68,83,3.6,broken clouds
254,Paita,PE,-5.0892,-81.1144,69.08,73,65,16.33,broken clouds
255,Port Elizabeth,ZA,-33.918,25.5701,60.31,71,0,13.8,clear sky
256,Praya,CV,14.9215,-23.5087,82.94,78,40,8.05,scattered clouds
257,Kautokeino,NO,69.0125,23.0412,43.09,85,98,1.52,overcast clouds
258,Tucupita,VE,9.0622,-62.051,93.06,45,69,3.56,broken clouds
259,Gat,IL,31.61,34.7642,79.48,100,0,5.86,clear sky
260,Port Lincoln,AU,-34.7333,135.8667,51.98,79,100,12.73,overcast clouds
261,Castro,BR,-24.7911,-50.0119,58.05,67,86,8.1,overcast clouds
262,Avola,IT,36.9113,15.1395,80.89,63,0,8.97,clear sky
263,Gamba,GA,-2.65,10.0,73.87,84,5,5.66,clear sky
264,Victoria,HK,22.2855,114.1577,86.38,64,50,8.01,scattered clouds
265,Panipat,IN,29.3889,76.9681,81.68,58,0,5.73,clear sky
266,Port Blair,IN,11.6667,92.75,81.54,82,99,11.41,light rain
267,Jalu,LY,29.0331,21.5482,83.52,42,0,13.89,clear sky
268,Buenaventura,CO,3.8801,-77.0312,79.75,88,100,4.56,overcast clouds
269,Oranjemund,NA,-28.55,16.4333,57.65,80,29,13.42,scattered clouds
270,Ayr,GB,55.4627,-4.6339,64.29,82,0,8.05,clear sky
271,Cayenne,GF,4.9333,-52.3333,86.04,66,75,10.36,broken clouds
272,Aleksandrovskiy Zavod,RU,50.9237,117.9374,51.6,96,100,9.46,overcast clouds
273,Kirakira,SB,-10.4544,161.9205,79.5,82,15,3.0,few clouds
274,Hongjiang,CN,27.11,109.9956,66.49,61,89,0.81,overcast clouds
275,Sisimiut,GL,66.9395,-53.6735,52.11,77,100,14.03,overcast clouds
276,Raga,SS,8.4596,25.678,70.52,97,100,2.68,light rain
277,Esperance,AU,-33.8667,121.9,57.7,65,99,13.13,overcast clouds
278,Pavino,RU,59.1139,46.1414,41.72,92,53,5.12,broken clouds
279,Zanjan,IR,36.6736,48.4787,72.79,15,0,5.3,clear sky
280,Lahaina,US,20.8783,-156.6825,84.81,75,83,7.34,broken clouds
281,Langfang,CN,39.5097,116.6947,70.38,52,86,15.57,overcast clouds
282,Fujin,CN,47.26,132.0322,56.59,92,100,12.68,light rain
283,Rocha,UY,-34.4833,-54.3333,62.42,58,0,3.38,clear sky
284,Wajid,SO,3.8093,43.2471,75.9,60,6,21.27,clear sky
285,Puerto Penasco,MX,31.3167,-113.5333,89.91,80,100,8.01,overcast clouds
286,Verkhnevilyuysk,RU,63.4453,120.3167,40.66,82,100,1.59,overcast clouds
287,Kamenka,RU,51.3223,42.7678,44.44,94,8,5.95,clear sky
288,Pauini,BR,-7.7136,-66.9764,98.74,23,21,4.63,few clouds
289,La Ronge,CA,55.1001,-105.2842,85.03,28,0,10.0,clear sky
290,Pangody,RU,65.85,74.4859,41.99,93,100,4.97,overcast clouds
291,Yelan,RU,50.949,43.7378,45.36,91,55,7.27,broken clouds
292,Constitucion,CL,-35.3333,-72.4167,62.22,57,0,10.6,clear sky
293,Provideniya,RU,64.3833,-173.3,42.3,89,100,11.72,overcast clouds
294,Okhotsk,RU,59.3833,143.3,50.13,86,100,5.53,overcast clouds
295,Movileni,RO,44.3667,24.65,60.73,74,6,5.73,clear sky
296,Cockburn Town,TC,21.4612,-71.1419,84.06,75,1,16.11,clear sky
297,Mae Hong Son,TH,19.3003,97.9685,74.98,97,100,1.57,overcast clouds
298,Putina,PE,-15.4667,-69.4333,52.79,37,14,9.62,few clouds
299,Bom Jesus,BR,-9.0744,-44.3586,97.72,19,25,8.63,scattered clouds
300,Labuhan,ID,-6.8844,112.2051,77.83,81,100,7.67,overcast clouds
301,Vostok,RU,46.4856,135.8833,51.73,96,100,3.71,overcast clouds
302,Kahului,US,20.8947,-156.47,84.85,74,75,11.99,broken clouds
303,Sharjah,AE,25.3573,55.4033,88.32,57,0,1.61,clear sky
304,Roma,US,43.2128,-75.4557,82.51,72,100,5.99,overcast clouds
305,Antalaha,MG,-14.9003,50.2788,67.08,82,92,6.58,overcast clouds
306,Yima,CN,34.7381,111.8839,68.59,61,88,7.65,overcast clouds
307,Nanortalik,GL,60.1432,-45.2371,46.26,89,47,2.98,scattered clouds
308,Iracoubo,GF,5.4802,-53.2011,82.99,75,100,14.27,moderate rain
309,Praia,CV,14.9215,-23.5087,82.94,78,40,8.05,scattered clouds
310,Bengkulu,ID,-3.8004,102.2655,75.4,88,100,3.85,overcast clouds
311,Melgar,CO,4.2048,-74.6407,89.91,46,53,10.47,broken clouds
312,Taltal,CL,-25.4,-70.4833,65.12,59,22,5.84,few clouds
313,Almas,RO,46.2833,22.2333,61.18,82,66,1.97,light rain
314,Bilibino,RU,68.0546,166.4372,35.11,73,98,2.26,overcast clouds
315,Brazzaville,CG,-4.2658,15.2832,84.6,50,100,1.97,light rain
316,Pangkalanbuun,ID,-2.6833,111.6167,72.64,99,100,2.04,overcast clouds
317,Belmonte,BR,-15.8631,-38.8828,74.59,72,0,8.21,clear sky
318,Marawi,PH,7.9986,124.2928,69.06,95,100,2.91,overcast clouds
319,Korla,CN,41.7597,86.1469,73.72,23,0,2.62,clear sky
320,Oktyabrskiy,RU,54.4815,53.471,47.62,88,100,2.59,overcast clouds
321,Cururupu,BR,-1.8283,-44.8683,82.85,68,8,6.29,clear sky
322,Pullman,US,46.7313,-117.1796,83.23,27,0,18.99,clear sky
323,Vite,IN,17.2833,74.55,75.7,85,100,1.36,moderate rain
324,Ukiah,US,39.1502,-123.2078,101.44,23,0,3.44,clear sky
325,Kawalu,ID,-7.3817,108.2082,68.86,91,100,0.25,overcast clouds
326,Laguna,US,38.421,-121.4238,103.17,21,0,6.91,clear sky
327,Labrea,BR,-7.2586,-64.7981,100.24,19,48,4.09,scattered clouds
328,Kavieng,PG,-2.5744,150.7967,81.52,74,30,13.2,scattered clouds
329,Yecla,ES,38.6137,-1.1147,73.36,64,3,4.32,clear sky
330,Daru,PG,-9.0763,143.2092,77.18,91,84,8.86,broken clouds
331,Miyako,JP,39.6367,141.9525,68.38,92,100,6.55,overcast clouds
332,Peniche,PT,39.3558,-9.3811,69.12,88,25,8.77,scattered clouds
333,Necochea,AR,-38.5473,-58.7368,58.96,51,1,7.09,clear sky
334,Upernavik,GL,72.7868,-56.1549,45.54,89,100,5.86,overcast clouds
335,Xining,CN,36.6167,101.7667,44.15,85,66,3.0,broken clouds
336,Dhupgari,IN,26.5858,89.0145,75.97,96,80,2.84,moderate rain
337,Komsomolskiy,UZ,40.4272,71.7189,72.32,35,0,6.91,clear sky
338,Uryupinsk,RU,50.8047,42.0138,45.61,93,8,5.68,clear sky
339,Assiniboia,CA,49.6334,-105.9845,92.17,16,84,12.46,broken clouds
340,Rosetown,CA,51.5501,-108.0014,96.66,14,4,12.73,clear sky
341,Saint-Philippe,RE,-21.3585,55.7679,71.19,82,37,12.44,light rain
342,Luanda,AO,-8.8368,13.2343,70.29,90,2,14.52,clear sky
343,Grand Gaube,MU,-20.0064,57.6608,70.38,75,3,5.01,clear sky
344,Gumdag,TM,39.2061,54.5906,83.37,15,0,6.69,clear sky
345,Atambua,ID,-9.1061,124.8925,70.66,86,95,4.25,overcast clouds
346,Sorland,NO,67.667,12.6934,51.66,62,1,3.27,clear sky
347,Mae Sai,TH,20.4335,99.8762,73.11,99,100,1.83,overcast clouds
348,Ismailia,EG,30.6043,32.2723,77.2,73,0,7.49,clear sky
349,Manono,CD,-7.3,27.4167,78.39,52,8,1.34,clear sky
350,Bethel,US,41.3712,-73.414,86.36,77,100,2.17,overcast clouds
351,Scarborough,GB,54.2797,-0.4044,67.57,81,100,7.0,overcast clouds
352,Libreville,GA,0.3925,9.4537,76.57,83,11,10.18,few clouds
353,Odweyne,SO,9.4092,45.064,78.49,47,48,8.86,scattered clouds
354,Trofors,NO,65.5333,13.4063,42.67,65,8,4.16,clear sky
355,Lompoc,US,34.6391,-120.4579,100.78,30,0,14.97,clear sky
356,Muscat,OM,23.6139,58.5922,89.74,51,8,1.72,clear sky
357,Praia Da Vitoria,PT,38.7333,-27.0667,75.76,77,6,10.25,clear sky
358,Wajir,KE,1.7471,40.0573,79.3,49,87,22.1,overcast clouds
359,Hvolsvollur,IS,63.7533,-20.2243,49.8,91,87,1.81,overcast clouds
360,Sao Sebastiao,BR,-23.76,-45.4097,63.41,76,100,1.41,overcast clouds
361,Murray Bridge,AU,-35.1167,139.2667,45.34,91,100,1.41,overcast clouds
362,Mnogovershinnyy,RU,53.9353,139.9242,55.42,90,100,0.92,overcast clouds
363,Sitka,US,57.0531,-135.33,57.09,88,75,6.91,light rain
364,Qaqortoq,GL,60.7167,-46.0333,48.81,85,44,2.71,scattered clouds
365,Vilhena,BR,-12.7406,-60.1458,91.99,19,23,4.47,few clouds
366,Goderich,CA,43.7501,-81.7165,68.92,79,100,7.54,overcast clouds
367,Banes,CU,20.9625,-75.7186,87.67,60,11,14.7,few clouds
368,Touba,CI,8.2833,-7.6833,71.92,94,89,0.81,light rain
369,Bowen,AU,-20.0167,148.2333,58.17,87,1,8.12,clear sky
370,Calama,CL,-22.4667,-68.9333,67.62,5,0,19.98,clear sky
371,Siyabuswa,ZA,-25.1132,29.0445,65.57,19,0,0.94,clear sky
372,Caluquembe,AO,-13.7833,14.6833,63.93,35,6,5.95,clear sky
373,Mokhotlong,LS,-29.2894,29.0675,55.24,33,8,7.43,clear sky
374,Tarauaca,BR,-8.1614,-70.7656,97.34,23,69,4.25,broken clouds
375,Breytovo,RU,58.2993,37.8617,46.63,89,91,11.03,overcast clouds
376,Elliot,ZA,-31.3333,27.85,62.01,22,1,8.79,clear sky
377,Mongo,TD,12.1844,18.693,74.21,83,100,1.79,overcast clouds
378,Vardo,NO,70.3705,31.1107,46.38,93,75,14.97,broken clouds
379,Geraldton,AU,-28.7667,114.6,57.61,82,75,5.75,broken clouds
380,Christchurch,NZ,-43.5333,172.6333,45.91,84,100,3.44,overcast clouds
381,Shingu,JP,33.7333,135.9833,76.75,89,100,4.74,overcast clouds
382,Fukue,JP,32.6881,128.8419,81.55,85,100,28.07,moderate rain
383,Key West,US,24.5557,-81.7826,91.4,71,40,10.36,scattered clouds
384,Neyshabur,IR,36.2133,58.7958,72.84,16,0,2.42,clear sky
385,Airai,TL,-8.9266,125.4092,57.06,86,99,2.62,overcast clouds
386,Broome,US,42.2506,-75.833,77.38,73,0,3.44,clear sky
387,Waddan,LY,29.1614,16.139,85.71,32,0,13.31,clear sky
388,Heyang,CN,26.1011,107.473,60.31,92,97,3.78,overcast clouds
389,Usinsk,RU,65.9939,57.5281,41.49,86,100,14.65,overcast clouds
390,Waipawa,NZ,-41.4122,175.5153,42.73,88,100,6.22,overcast clouds
391,Ialibu,PG,-6.2821,143.9935,54.5,96,96,2.68,overcast clouds
392,Shelburne,CA,44.0787,-80.2041,62.76,73,100,7.34,overcast clouds
393,Aripuana,BR,-9.1667,-60.6333,98.01,15,71,4.25,broken clouds
394,Pangnirtung,CA,66.1451,-65.7125,42.49,98,100,3.65,moderate rain
395,Katangli,RU,51.7102,143.2326,55.89,86,55,7.72,broken clouds
396,Mont-Dore,NC,-22.2833,166.5833,75.99,99,97,14.27,light rain
397,Aquiraz,BR,-3.9014,-38.3911,82.49,76,95,14.83,overcast clouds
398,Kungurtug,RU,50.5994,97.5228,36.23,47,55,1.74,broken clouds
399,Husavik,IS,66.0449,-17.3389,51.98,86,2,6.78,clear sky
400,Vanimo,PG,-2.6741,141.3028,76.68,91,44,5.97,scattered clouds
401,Kudahuvadhoo,MV,2.6708,72.8944,79.39,82,100,26.55,moderate rain
402,Novobiryusinskiy,RU,56.9578,97.7076,49.21,74,100,7.72,overcast clouds
403,Porto Santo,PT,33.072,-16.3415,73.78,78,20,5.75,few clouds
404,Saint-Michel-Des-Saints,CA,46.6834,-73.9159,64.81,47,0,6.31,clear sky
405,Muyezerskiy,RU,63.9333,31.65,42.24,86,98,5.79,overcast clouds
406,Sinnamary,GF,5.3833,-52.95,83.21,74,100,14.58,overcast clouds
407,Shaunavon,CA,49.6501,-108.4181,88.95,15,0,10.16,clear sky
408,Guabito,PA,9.5,-82.6167,85.05,72,100,4.52,overcast clouds
409,Alofi,NU,-19.0595,-169.9187,75.09,69,20,11.5,few clouds
410,Koslan,RU,63.4564,48.8989,40.8,97,98,7.09,overcast clouds
411,Arlit,NE,18.7369,7.3853,101.88,13,41,9.08,scattered clouds
412,Dilla,ET,6.41,38.31,62.22,91,100,3.11,light rain
413,Tulnici,RO,45.9167,26.6667,55.18,78,98,1.36,light rain
414,Mrakovo,RU,52.7161,56.6244,53.53,66,100,8.48,overcast clouds
415,San-Pedro,CI,4.7485,-6.6363,74.5,93,17,5.01,few clouds
416,Atkinson,US,42.8384,-71.147,89.44,50,100,6.91,overcast clouds
417,Skjervoy,NO,70.0311,20.9714,48.2,79,100,5.48,overcast clouds
418,Jawhar,SO,2.7809,45.5005,74.62,80,3,16.64,clear sky
419,Kirkwall,GB,58.9848,-2.9587,59.05,94,100,17.27,overcast clouds
420,Lenggries,DE,47.6833,11.5667,61.41,92,2,3.89,clear sky
421,Ulaangom,MN,49.9811,92.0667,53.2,43,88,2.26,overcast clouds
422,Sistranda,NO,63.7256,8.834,55.36,73,0,1.9,clear sky
423,Kropotkin,RU,45.4375,40.5756,59.56,52,92,10.4,overcast clouds
424,Ribeira Grande,PT,38.5167,-28.7,73.8,68,75,10.36,broken clouds
425,Zheleznodorozhnyy,RU,55.7503,38.0042,50.22,58,100,7.25,overcast clouds
426,Zinder,NE,13.8072,8.9881,91.31,39,22,5.46,few clouds
427,Emba,KZ,48.8264,58.1442,81.3,18,48,11.27,scattered clouds
428,San Quintin,MX,30.4833,-115.95,77.16,82,100,5.32,overcast clouds
429,Suwannaphum,TH,15.6035,103.8021,76.93,94,100,5.21,overcast clouds
430,Borogontsy,RU,62.6683,131.1683,35.4,93,2,3.2,clear sky
431,Northam,GB,51.0333,-4.2167,62.62,96,99,20.47,heavy intensity rain
432,Sola,VU,-13.8833,167.55,79.72,78,22,8.1,few clouds
433,Nova Olimpia,BR,-14.7972,-57.2881,95.45,20,18,3.15,few clouds
434,Terrell,US,32.736,-96.2753,96.96,47,0,12.66,clear sky
435,Peremyshlyany,UA,49.6652,24.5585,49.87,73,69,2.59,broken clouds
436,General Roca,AR,-39.0333,-67.5833,77.67,12,30,4.7,scattered clouds
437,Tikhvin,RU,59.6451,33.5294,45.21,95,84,5.01,broken clouds
438,Lufilufi,WS,-13.8745,-171.5986,83.98,76,26,19.24,light rain
439,Honningsvag,NO,70.9821,25.9704,46.15,87,75,10.36,light intensity drizzle
440,Bonavista,CA,48.6499,-53.1147,63.07,85,5,11.27,clear sky
441,Soubre,CI,5.7856,-6.6083,73.15,96,64,4.7,light rain
442,Havoysund,NO,70.9963,24.6622,46.63,80,98,23.06,overcast clouds
443,Lagunas,PE,-5.2269,-75.6753,92.79,38,55,4.5,broken clouds
444,Darhan,MN,49.4867,105.9228,37.4,87,31,4.61,scattered clouds
445,Grootfontein,NA,-19.5667,18.1167,68.56,19,0,6.35,clear sky
446,Kokologo,BF,12.1897,-1.8856,82.06,67,81,3.6,light rain
447,Hachinohe,JP,40.5,141.5,65.88,95,100,6.13,overcast clouds
448,Ranong,TH,9.9658,98.6348,79.09,89,100,8.41,moderate rain
449,Barabai,ID,-2.5833,115.3833,73.65,99,100,1.34,light rain
450,Patiala,IN,30.3267,76.4003,80.01,67,0,5.91,clear sky
451,Cheyenne,US,41.14,-104.8203,91.54,18,0,7.0,clear sky
452,Chuzhou,CN,32.3219,118.2978,68.32,95,0,6.73,clear sky
453,Stornoway,GB,58.2093,-6.3865,59.94,89,53,0.0,broken clouds
454,Pochutla,MX,15.7432,-96.4661,82.22,85,100,5.17,overcast clouds
455,Marsh Harbour,BS,26.5412,-77.0636,84.92,67,70,10.58,broken clouds
456,Muros,ES,42.7762,-9.0603,68.85,85,89,13.44,overcast clouds
457,Tongren,CN,27.7172,109.1853,67.03,64,68,2.24,broken clouds
458,Marica,BR,-22.9194,-42.8186,64.31,80,100,5.5,overcast clouds
459,Grand-Lahou,CI,5.1367,-5.0242,73.98,93,1,7.31,clear sky
460,Banjar,ID,-8.19,114.9675,74.93,89,78,6.13,broken clouds
461,Vila Praia De Ancora,PT,41.811,-8.8526,69.12,94,74,11.18,broken clouds
462,Valparaiso,CL,-33.0393,-71.6273,66.43,65,100,6.91,mist
463,Namtsy,RU,62.7161,129.6658,35.37,87,0,4.79,clear sky
464,Destin,US,30.3935,-86.4958,89.65,79,40,9.22,scattered clouds
465,Katsuura,JP,35.1333,140.3,77.16,87,100,4.5,overcast clouds
466,Tekirdag,TR,40.978,27.5085,65.55,70,41,13.82,scattered clouds
467,Ust-Uda,RU,54.1742,103.0304,36.81,90,17,2.53,few clouds
468,Hot Springs,US,34.5037,-93.0552,91.4,53,0,5.01,clear sky
469,Ilhabela,BR,-23.7781,-45.3581,63.7,74,100,1.54,overcast clouds
470,Maragogi,BR,-9.0122,-35.2225,75.04,83,95,10.6,overcast clouds
471,Tsagan Aman,RU,47.5639,46.7218,61.59,58,71,17.58,broken clouds
472,Kazachinskoye,RU,57.6953,93.2761,51.75,91,76,10.0,broken clouds
473,Arahal,ES,37.1864,-5.5549,76.62,53,0,11.5,clear sky
474,Oksovskiy,RU,62.6062,39.8984,41.81,97,100,5.73,overcast clouds
475,Karratha,AU,-20.7377,116.8463,68.14,70,1,8.77,clear sky
476,Huarmey,PE,-10.0681,-78.1522,67.1,70,23,8.39,few clouds
477,Narsaq,GL,60.9167,-46.05,57.42,81,21,2.33,few clouds
478,Tanda,IN,26.55,82.65,82.53,66,7,6.49,clear sky
479,Ishigaki,JP,24.3448,124.1572,83.52,86,100,34.16,heavy intensity rain
480,Camacha,PT,33.0833,-16.3333,71.02,78,20,5.75,few clouds
481,Mildura,AU,-34.2,142.15,38.07,87,99,9.06,overcast clouds
482,Quatre Cocos,MU,-20.2078,57.7625,70.09,79,34,15.64,scattered clouds
483,Sembe,CG,1.6481,14.5806,70.03,95,100,2.77,overcast clouds
484,Buraydah,SA,26.326,43.975,92.48,10,0,7.27,clear sky
485,Poltavka,RU,54.3663,71.7632,52.79,49,75,3.87,broken clouds
486,Natal,BR,-5.795,-35.2094,77.65,88,75,8.05,broken clouds
487,Martapura,ID,-3.4167,114.85,75.29,94,100,2.3,light rain
488,Nishihara,JP,26.1842,127.7558,79.88,99,100,34.52,moderate rain
489,Jonkoping,SE,57.7814,14.1562,56.39,87,13,3.44,few clouds
490,Cap-Aux-Meules,CA,47.3821,-61.8597,67.23,70,59,11.3,broken clouds
491,Birao,CF,10.2849,22.7882,69.67,97,98,1.21,overcast clouds
492,San Ramon De La Nueva Oran,AR,-23.1322,-64.326,79.43,18,0,5.75,clear sky
493,Lagos,NG,6.5833,3.75,75.15,91,56,5.77,broken clouds
494,Shihezi,CN,44.3,86.0333,74.1,23,0,3.8,clear sky
495,Coihaique,CL,-45.5752,-72.0662,56.01,54,75,4.61,broken clouds
496,Matamoros,MX,25.5333,-103.25,82.51,54,75,4.61,broken clouds
497,Coquimbo,CL,-29.9533,-71.3436,56.93,82,0,11.5,clear sky
498,Redlands,US,34.0556,-117.1825,109.15,26,40,4.61,scattered clouds
499,Clearlake,US,38.9582,-122.6264,101.35,13,0,3.67,clear sky
500,Novyy Urengoy,RU,66.0833,76.6333,43.68,88,100,10.94,light rain
501,Kupang,ID,-10.1667,123.5833,75.97,87,100,7.29,overcast clouds
502,Sao Joao Da Barra,BR,-21.6403,-41.0511,69.89,68,100,18.32,overcast clouds
503,Cabo Rojo,PR,18.0866,-67.1457,89.26,75,54,5.01,broken clouds
504,Majene,ID,-3.5403,118.9707,75.92,91,100,8.32,overcast clouds
505,Raudeberg,NO,61.9875,5.1352,56.07,1,0,4.9,clear sky
506,Evensk,RU,61.95,159.2333,40.12,64,2,7.38,clear sky
507,Mogadishu,SO,2.0371,45.3438,75.79,86,44,18.72,scattered clouds
508,Kaltasy,RU,55.9693,54.8032,48.45,56,100,2.66,overcast clouds
509,Kalengwa,ZM,-13.4659,25.0027,75.79,32,99,1.39,overcast clouds
510,Oliver,CA,49.1831,-119.5524,85.39,30,10,7.38,clear sky
511,Cap Malheureux,MU,-19.9842,57.6142,70.47,75,2,5.01,clear sky
512,Bandarbeyla,SO,9.4942,50.8122,76.66,83,27,28.63,scattered clouds
513,Petropavlovka,RU,50.6114,105.3196,34.63,86,17,5.91,few clouds
514,Lekoni,GA,-1.5843,14.2591,75.33,73,74,2.57,light rain
515,Vestmanna,FO,62.1564,-7.1664,56.32,82,75,16.11,broken clouds
516,Kailua,US,21.4022,-157.7394,85.98,75,75,11.5,broken clouds
517,Gorontalo,ID,0.5412,123.0595,74.57,96,95,2.1,overcast clouds
518,Belle Fourche,US,44.6714,-103.8522,103.05,18,0,7.54,clear sky
519,Vao,NC,-22.6667,167.4833,72.0,94,98,19.01,light rain
520,Itarema,BR,-2.9248,-39.9167,80.89,74,81,20.65,broken clouds
521,Palana,RU,59.1167,159.9667,42.1,71,57,5.66,broken clouds
522,Druzhnaya Gorka,RU,59.2761,30.1425,41.68,95,82,4.74,broken clouds
523,Asuncion,PY,-25.3007,-57.6359,65.64,32,0,4.61,clear sky
524,Pathein,MM,16.7833,94.7333,79.0,85,100,4.32,overcast clouds
525,Nampula,MZ,-15.1165,39.2666,66.38,80,0,4.59,clear sky
526,Cabedelo,BR,-6.9811,-34.8339,77.67,84,18,15.75,few clouds
527,Canutama,BR,-6.5339,-64.3831,99.82,19,28,4.12,scattered clouds
528,Fredericksburg,US,38.3032,-77.4605,90.86,55,75,8.05,broken clouds
529,Roebourne,AU,-20.7833,117.1333,67.6,71,1,8.28,clear sky
530,Imeni Poliny Osipenko,RU,52.4201,136.4853,57.92,94,100,1.61,overcast clouds
531,Klyuchi,RU,52.2667,79.1667,56.84,40,97,6.85,overcast clouds
532,El Prat De Llobregat,ES,41.3278,2.0947,81.14,86,40,3.44,scattered clouds
533,Bathsheba,BB,13.2167,-59.5167,84.9,70,10,13.31,clear sky
534,Champerico,GT,14.3,-91.9167,91.94,77,100,7.2,overcast clouds
535,Aitape,PG,-3.1374,142.3475,77.74,87,86,6.44,overcast clouds
536,Taseyevo,RU,57.2169,94.8978,50.31,85,74,6.46,broken clouds
537,Bulgan,MN,48.8125,103.5347,35.06,72,0,2.84,clear sky
538,Soyo,AO,-6.1349,12.3689,73.78,82,24,9.55,few clouds
539,Esmeraldas,BR,-19.7625,-44.3139,83.26,24,3,3.89,clear sky
540,Bellefontaine,US,40.3612,-83.7597,78.24,78,75,6.91,broken clouds
541,Megion,RU,61.0296,76.1136,46.42,83,83,14.0,broken clouds
542,Biak,ID,-0.9131,122.8766,74.86,89,97,5.03,overcast clouds
543,Chicama,PE,-7.8447,-79.1469,63.14,59,89,9.06,overcast clouds
544,Puerto Del Rosario,ES,28.5004,-13.8627,74.95,78,20,14.97,few clouds
545,Nanakuli,US,21.3906,-158.1547,85.95,65,75,9.22,broken clouds
546,Yanam,IN,16.7333,82.2167,79.27,88,83,3.18,broken clouds
547,Port-Cartier,CA,50.0334,-66.8654,62.67,45,2,7.92,clear sky
548,Ancud,CL,-41.8697,-73.8203,61.23,71,88,5.44,overcast clouds
549,Casian,PH,11.035,119.7136,82.78,77,100,8.9,overcast clouds
550,Torit,SS,4.4133,32.5678,68.83,95,48,3.27,light rain
551,Lavras Da Mangabeira,BR,-6.7533,-38.9644,90.82,33,73,7.56,broken clouds
552,Kemijarvi,FI,66.7131,27.4306,45.16,92,100,3.6,overcast clouds
553,Matara,LK,5.9485,80.5353,76.05,92,96,6.76,overcast clouds
554,Puro,PH,12.4841,123.3827,80.4,85,100,7.34,overcast clouds
555,Sovetskiy,RU,61.3614,63.5842,42.44,77,13,11.05,few clouds
556,Acarau,BR,-2.8856,-40.12,81.57,73,64,22.46,broken clouds
557,Albury,AU,-36.0833,146.9167,42.01,100,46,1.99,scattered clouds
558,Rafaela,AR,-31.2503,-61.4867,73.99,10,0,1.01,clear sky
559,Suntar,RU,62.1444,117.6319,41.5,87,100,4.0,overcast clouds
560,Boden,SE,65.8252,21.6886,39.2,80,12,2.1,few clouds
561,Mapiripan,CO,2.8892,-72.1256,82.36,66,68,7.2,broken clouds
562,Bambanglipuro,ID,-7.95,110.2833,73.24,94,100,1.25,overcast clouds
563,Binzhou,CN,37.3667,118.0167,68.88,73,100,2.08,overcast clouds
564,Yerofey Pavlovich,RU,53.9667,121.9667,51.64,99,91,7.4,overcast clouds
565,Dunmore,US,41.4198,-75.6324,83.79,67,0,1.01,clear sky
566,Verkh-Suetka,RU,53.3,80.05,52.29,44,87,6.46,overcast clouds
567,Chancay,PE,-11.5714,-77.2672,64.67,71,14,6.87,few clouds
568,Anadyr,RU,64.75,177.4833,50.49,93,100,17.98,overcast clouds
569,Aykhal,RU,66.0,111.5,32.72,88,13,12.68,few clouds
570,Aksu,CN,41.1231,80.2644,72.91,24,36,2.01,scattered clouds
571,Petatlan,MX,17.5167,-101.2667,91.2,67,100,12.15,overcast clouds
572,Erenhot,CN,43.6475,111.9767,48.52,32,0,17.43,clear sky
573,Sarankhola,BD,22.3082,89.7897,80.24,92,36,4.97,scattered clouds
574,Artyom,AZ,40.4723,50.333,77.14,68,0,9.93,clear sky
575,Snezhnogorsk,RU,69.1933,33.2531,46.18,86,100,14.85,overcast clouds
576,Alexandria,EG,31.2156,29.9553,79.86,73,0,10.33,clear sky
577,Los Llanos De Aridane,ES,28.6585,-17.9182,70.12,90,20,8.05,few clouds
578,Dzhebariki-Khaya,RU,62.2167,135.8,35.56,93,8,2.13,clear sky
579,Phan Thiet,VN,10.9333,108.1,75.33,95,100,7.49,overcast clouds
580,Diffa,NE,13.3154,12.6113,88.25,47,36,7.83,scattered clouds
581,Kaz,RU,52.9113,87.3105,54.28,92,100,1.12,overcast clouds
582,Malinovoye Ozero,RU,51.6753,79.7825,59.72,34,49,5.53,scattered clouds
583,Kitami,JP,43.8031,143.8908,61.12,96,100,5.99,overcast clouds
584,Rio Grande,BR,-32.035,-52.0986,66.31,54,0,6.89,clear sky
585,Dzilam Gonzalez,MX,21.2833,-88.9333,85.62,65,64,7.74,broken clouds
586,Vila Velha,BR,-20.3297,-40.2925,69.75,88,40,20.0,scattered clouds
587,Shenjiamen,CN,29.9576,122.298,79.52,90,100,34.63,overcast clouds
588,Walvis Bay,NA,-22.9575,14.5053,55.09,71,3,12.39,clear sky
589,Beloeil,CA,45.5668,-73.1992,66.97,66,100,2.57,overcast clouds
590,Tuensang,IN,26.2833,94.8333,69.3,98,100,2.21,overcast clouds
591,Kinablangan,PH,7.6947,126.5503,78.39,87,100,5.26,overcast clouds
592,Kilrush,IE,52.6397,-9.4833,64.15,75,97,18.14,overcast clouds
593,Sabzevar,IR,36.2126,57.6819,75.63,15,0,7.52,clear sky
594,Kaberamaido,UG,1.7389,33.1594,65.82,90,3,3.6,clear sky
595,Berlevag,NO,70.8578,29.0864,46.4,93,75,17.27,broken clouds
596,Porto Belo,BR,-27.1578,-48.5531,67.78,60,0,6.15,clear sky
597,Kvarkeno,RU,52.0833,59.725,61.99,33,98,14.9,overcast clouds
598,Houma,US,29.5958,-90.7195,79.0,89,40,5.75,scattered clouds
599,Verkhnyaya Inta,RU,65.9811,60.3094,40.44,89,100,13.69,light rain
600,Namatanai,PG,-3.6667,152.4333,78.44,80,48,7.0,scattered clouds
601,Puerto Baquerizo Moreno,EC,-0.9,-89.6,72.59,83,75,9.22,broken clouds
602,Kvam,NO,61.6656,9.6898,49.6,95,75,4.23,broken clouds
603,Lasa,IT,46.6166,10.7002,61.7,89,5,1.97,clear sky
604,Charcas,MX,23.1333,-101.1167,74.71,44,86,18.05,overcast clouds
605,Constantine,DZ,36.365,6.6147,87.21,37,40,4.61,scattered clouds
606,Iskateley,RU,67.6803,53.1512,43.14,78,100,11.41,overcast clouds
607,Carballo,ES,43.213,-8.691,67.77,92,100,9.28,overcast clouds
608,Vieques,PR,18.425,-65.8329,84.22,84,100,8.05,overcast clouds
609,Kostomuksha,RU,64.571,30.5767,38.5,79,19,3.96,few clouds
610,Mapastepec,MX,15.4333,-92.9,82.17,78,100,3.33,overcast clouds
611,North Platte,US,41.1239,-100.7654,89.11,29,0,8.99,clear sky
612,Riberalta,BO,-10.9833,-66.1,95.81,21,81,4.25,broken clouds
613,Atyrau,KZ,47.1167,51.8833,77.02,65,0,6.71,clear sky
614,Ondangwa,NA,-17.9167,15.95,71.35,16,0,5.32,clear sky
615,Saint-Joseph,RE,-21.3667,55.6167,68.38,79,18,13.11,few clouds
616,Tolaga Bay,NZ,-38.3667,178.3,50.05,65,100,3.74,light rain
617,Krasnaya Gora,RU,52.9995,31.6023,47.88,59,59,5.68,broken clouds
618,Tyrma,RU,50.0833,132.1667,55.92,97,100,2.13,overcast clouds
619,Kande,TG,9.9578,1.0447,74.89,88,89,1.52,overcast clouds
620,Auckland,NZ,-36.8667,174.7667,50.85,93,100,6.91,light rain
621,Toamasina,MG,-18.1667,49.3833,66.2,100,75,4.61,broken clouds
622,Pergamino,AR,-33.89,-60.5736,71.37,19,0,8.14,clear sky
623,Lagoa,PT,39.05,-27.9833,71.76,75,3,12.91,clear sky
624,Zhigansk,RU,66.7697,123.3711,41.83,57,99,6.91,overcast clouds
625,Sanary-Sur-Mer,FR,43.1178,5.8001,77.52,83,99,3.0,overcast clouds
626,Poddorye,RU,57.4695,31.1156,44.94,96,95,4.76,overcast clouds
627,Pacific Grove,US,36.6177,-121.9166,94.33,70,0,7.0,clear sky
628,Bac Lieu,VN,9.285,105.7244,79.66,81,100,9.57,overcast clouds
629,Tambopata,PE,-12.7333,-69.1833,84.09,34,0,6.91,clear sky
630,Pimenta Bueno,BR,-11.6725,-61.1936,99.61,14,22,2.95,few clouds
631,Tanabe,JP,33.7333,135.3667,75.4,89,100,7.38,overcast clouds
632,Izumo,JP,35.3667,132.7667,74.43,88,100,5.48,overcast clouds
633,Roald,NO,62.5833,6.1333,57.76,87,0,6.91,clear sky
634,Malanje,AO,-9.5402,16.341,77.7,43,52,5.12,broken clouds
635,Belfast,GB,54.5833,-5.9333,61.38,88,40,10.36,scattered clouds
636,Challans,FR,46.8436,-1.8749,68.92,89,61,5.3,broken clouds
637,Suoyarvi,RU,62.0833,32.35,40.03,96,84,5.84,broken clouds
638,Beisfjord,NO,68.3751,17.5988,42.85,80,92,1.79,overcast clouds
639,Ostrovnoy,RU,68.0531,39.5131,47.75,91,100,19.33,light rain
640,Novo Aripuana,BR,-5.1206,-60.3797,101.86,14,58,4.21,broken clouds
641,Kapuskasing,CA,49.4169,-82.4331,64.49,39,40,4.61,scattered clouds
642,Birjand,IR,32.8663,59.2211,68.05,15,0,4.7,clear sky
643,Indiana,US,40.0003,-86.2503,82.94,71,75,5.75,broken clouds
644,Whitehorse,CA,60.7161,-135.0538,58.1,46,20,3.44,few clouds
645,Nangomba,TZ,-10.9,38.5,73.11,55,0,6.6,clear sky
646,Kindu,CD,-2.95,25.95,72.21,85,33,1.32,light rain
647,Sokolka,PL,53.4072,23.5023,49.66,67,0,7.43,clear sky
648,Faya,SA,18.3851,42.4509,64.92,42,4,1.61,clear sky
649,Macklin,CA,52.3334,-109.9348,88.14,15,21,11.99,few clouds
650,Nosy Varika,MG,-20.5833,48.5333,65.3,90,56,2.84,light rain
651,Arman,RU,59.7,150.1667,45.43,60,100,5.57,overcast clouds
652,Nemuro,JP,43.3236,145.575,63.18,88,23,9.44,few clouds
653,Simao,CN,22.7886,100.9748,64.4,99,90,2.46,overcast clouds
654,Aqtobe,KZ,50.2797,57.2072,73.49,28,0,8.95,clear sky
655,Urucara,BR,-2.5364,-57.76,98.35,25,77,3.42,broken clouds
656,Methoni,GR,36.8197,21.7049,81.21,78,0,10.87,clear sky
657,Ljubovija,RS,44.1894,19.3767,62.08,92,73,1.59,broken clouds
658,Sampit,ID,-2.5333,112.95,72.68,99,100,2.93,light rain
659,Dondo,MZ,-19.6094,34.7431,63.57,75,0,5.44,clear sky
660,Marovoay,MG,-16.1,46.6333,71.91,54,0,6.91,clear sky
661,Manzhouli,CN,49.6,117.4333,39.24,96,100,12.01,overcast clouds
662,Batagay-Alyta,RU,67.8006,130.4114,32.97,80,29,3.47,scattered clouds
663,Paamiut,GL,61.994,-49.6678,42.53,99,96,13.4,overcast clouds
664,Palm Coast,US,29.585,-81.2078,89.69,81,0,8.05,clear sky
665,Sapa,PH,5.1544,120.3241,79.77,81,100,4.92,moderate rain
666,Ruidoso,US,33.3317,-105.673,78.96,32,0,12.66,clear sky
667,Magoula,GR,38.0833,23.5167,80.65,55,20,3.44,few clouds
668,Aracati,BR,-4.5617,-37.7697,82.09,67,46,14.88,scattered clouds
669,Lamu,KE,-2.2717,40.902,73.62,82,17,16.08,few clouds
670,Kerema,PG,-7.9631,145.7785,76.57,90,100,4.29,light rain
671,Taksimo,RU,56.3444,114.8794,42.73,97,100,1.86,light rain
672,Ust-Nera,RU,64.5667,143.2,34.88,79,67,4.41,broken clouds
673,Filingue,NE,14.3521,3.3168,93.78,41,0,5.82,clear sky
674,Pemangkat,ID,1.1667,108.9667,76.14,83,100,7.25,overcast clouds
675,Omboue,GA,-1.5746,9.2618,74.64,84,5,7.83,clear sky
676,Awjilah,LY,29.1081,21.2869,81.97,56,0,14.63,clear sky
677,Butembo,CD,0.15,29.2833,56.48,96,45,2.21,scattered clouds
678,Himeji,JP,34.8167,134.7,81.28,85,97,6.06,overcast clouds
679,Sidi Ali,DZ,36.0998,0.4206,73.45,71,13,3.85,few clouds
680,Tutoia,BR,-2.7619,-42.2744,81.16,78,8,14.07,clear sky
681,Strelka,RU,58.0728,93.0344,50.43,92,49,9.17,scattered clouds
682,Sobolevo,RU,54.4299,31.8996,46.99,59,92,6.89,overcast clouds
683,Sunland Park,US,31.7965,-106.58,88.25,33,0,13.8,clear sky
684,Duminichi,RU,53.9345,35.1099,43.63,68,62,3.04,broken clouds
685,Shimoda,JP,34.6667,138.95,74.1,87,100,7.18,overcast clouds
686,Riyadh,SA,24.6877,46.7219,89.74,11,0,4.18,clear sky
687,Berdigestyakh,RU,62.0989,126.6992,34.29,95,83,3.38,broken clouds
688,Richards Bay,ZA,-28.783,32.0377,74.57,47,0,15.95,clear sky
689,Chara,RU,56.9064,118.2631,41.99,94,100,3.6,overcast clouds
690,Marinette,US,45.1,-87.6307,68.05,63,0,10.36,clear sky
691,Egvekinot,RU,66.3167,-179.1667,31.75,96,100,10.89,snow
692,Nyurba,RU,63.2842,118.3319,41.74,74,100,3.44,overcast clouds
693,Shiraz,IR,29.6036,52.5388,80.04,41,0,0.0,clear sky
694,At-Bashi,KG,41.1702,75.8106,55.69,58,11,5.66,few clouds
695,Misratah,LY,32.3754,15.0925,83.91,64,0,10.11,clear sky
696,Baishishan,CN,43.5833,127.5667,55.15,97,82,1.77,broken clouds
697,Stykkisholmur,IS,65.0757,-22.7297,49.57,78,32,0.54,scattered clouds
698,Zhangye,CN,38.9342,100.4517,62.38,29,1,7.0,clear sky
699,Panzhihua,CN,26.5851,101.7128,62.17,93,100,1.66,overcast clouds
700,Mahon,ES,39.8885,4.2658,81.16,78,0,6.91,clear sky
701,Santa Cruz Do Rio Pardo,BR,-22.8989,-49.6325,72.03,45,69,12.21,broken clouds
